MARCA,MODELO,SISTEMA_OP,REDE,MEMORIA_INT,RAM,RESOL CAM TRAS,GARANTIA,PESO,PREÃ‡O
 Motorola, MOTO G 52,Android,4G,64,4,48,12,420,"R$ 1.089,00"
 Samsung, Galaxy A54 ,Android,5G,128,8,50,12,332,"R$ 1.859,00"
 Samsung, Galaxy A14,Android,5G,128,8,50,12,410,"R$ 1.129,00"
 Samsung, Galaxy A54 ,Android,5G,128,8,50,12,334,"R$ 1.859,00"
 Samsung, Galaxy A04e,Android,4G,64,4,13,12,284,"R$ 759,00"
 Samsung, Galaxy A54 ,Android,5G,128,8,50,12,332,"R$ 1.859,00"
 Samsung, Galaxy A14 ,Android,5G,128,8,50,12,310,"R$ 989,00"
 Samsung, Galaxy A23,Android,5G,128,8,50,12,377,"R$ 1.289,00"
 Samsung, Galaxy A04s,Android,5G,64,4,50,12,302,"R$ 879,00"
 Samsung, Galaxy A14,Android,5G,128,8,50,12,440,"R$ 1.129,00"
 Apple, iPhone 13,IOS,5G,128,6,12,12,96,"R$ 4.409,10"
 Samsung, Galaxy A04s,Android,5G,64,4,50,12,375,"R$ 879,00"
 Samsung, Galaxy A03S,Android,4G,64,4,13,,394,"R$ 909,15"
 Samsung, Galaxy A23,Android,5G,128,8,50,12,310,"R$ 1.289,00"
 Samsung, Galaxy A34 ,Android,5G,128,8,48,12,306,"R$ 1.642,55"
 Samsung, Galaxy A04s,Android,5G,64,4,50,12,375,"R$ 879,00"
 Samsung, Galaxy A14,Android,5G,128,8,50,12,300,"R$ 1.129,00"
 Samsung, Galaxy A04e,Android,4G,64,4,13,12,368,"R$ 759,00"
 Apple, iPhone 11,IOS,4G,64,4,,12,445,"R$ 2.969,10"
 Motorola, MOTO G32,Android,4G,128,4,16,12,400,"R$ 1.121,00"
 Samsung, Galaxy A23,Android,5G,128,8,50,12,310,"R$ 1.289,00"
 Samsung, Galaxy A14 ,Android,5G,128,8,50,12,306,"R$ 989,00"
 Samsung, Galaxy A03,Android,4G,32,2,,,380,"R$ 721,05"
 Asus, ROG Phone 5S,Android,5G,128,4,64,12,300,"R$ 2.699,99"
 Apple, iPhone 11,IOS,4G,128,4,12,12,138,"R$ 3.419,10"
 Samsung, Galaxy S23 ,Android,5G,128,8,50,12,340,"R$ 4.299,00"
 Samsung, Galaxy S22,Android,5G,256,8,50,12,332,"R$ 3.799,00"
 Motorola, MOTO Edge 30,Android,5G,128,6,50,3,400,"R$ 2.599,20"
,Modelo,Android,5G,256,8,12,12,413,"R$ 5.199,00"
 Apple, iPhone 14 Pro Max,IOS,5G,512,8,48,12,436,"R$ 8.999,10"
 Samsung, Galaxy A04e,Android,4G,64,4,13,12,284,"R$ 759,00"
 Apple, iPhone 13,IOS,5G,128,6,12,12,490,"R$ 4.409,10"
 Positivo, Infinix Hot 11S,Android,4G,512,12,50,12,453,"R$ 989,10"
 Apple, iPhone 12,IOS,5G,64,,12,12,91,"R$ 3.959,10"
 Positivo, Twist 3 ,Android,3G,16,2,12,12,600,"R$ 296,10"
 Samsung, Galaxy S22 ,Android,5G,256,8,50,12,332,"R$ 3.799,00"
 Motorola, MOTO E40,Android,4G,64,4,48,12,198,"R$ 899,10"
 Samsung, Galaxy A32,Android,4G,128,4,48,12,364,"R$ 1.679,00"
 Samsung, Galaxy S21 FE,Android,5G,128,6,12,12,258,"R$ 2.659,05"
 Asus, ZenFone 8,Android,5G,128,4,64,12,400,"R$ 2.519,10"
 Xiaomi, Redmi 10,Android,4G,64,4,50,3,500,"R$ 1.399,99"
 Samsung, Galaxy A22,Android,4G,128,8,48,12,450,"R$ 1.690,12"
 Samsung, Galaxy S23,Android,5G,128,8,50,12,340,"R$ 4.299,00"
 Motorola, MOTO E32,Android,4G,64,4,16,3,360,"R$ 899,10"
 TCL,  L5,Android,4G,32,6,12,12,300,"R$ 350,55"
 Samsung, Galaxy S23,Android,5G,128,8,50,12,340,"R$ 4.299,00"
 Samsung, Galaxy S23 Ultra,Android,5G,512,12,50,12,390,"R$ 7.598,10"
 Samsung, Galaxy S23 Ultra,Android,5G,256,12,12,12,470,"R$ 6.999,00"
 Samsung, Galaxy A34 ,Android,5G,256,8,48,12,306,"R$ 1.999,00"
 Samsung, Galaxy A03 Core,Android,4G,32,2,12,12,211,"R$ 645,05"
 Philco, Hit P10,Android,4G,128,8,13,12,460,"R$ 768,00"
 Samsung, Galaxy A23,Android,4G,128,8,50,12,380,"R$ 1.101,05"
 Apple, iPhone 11,IOS,4G,64,6,12,12,300,"R$ 2.969,10"
 Samsung, Galaxy S23 Ultra ,Android,5G,512,12,12,12,370,"R$ 7.598,10"
 Motorola, Moto Edge 30,Android,5G,256,6,48,12,450,"R$ 2.599,20"
 Samsung, Galaxy M13,Android,4G,128,8,50,12,192,"R$ 1.169,10"
 Infinix, Hot 11s,Android,4G,32,3,12,12,300,"R$ 989,10"
 Apple, iPhone 11,IOS,4G,128,6,48,12,350,"R$ 3.199,00"
 Motorola, MOTO Edge 30,Android,5G,128,6,48,12,420,"R$ 2.599,20"
 Samsung, Galaxy A23,Android,4G,64,4,32,12,369,"R$ 1.290,90"
 Motorola, MOTO G60,Android,4G,128,8,32,3,250,"R$ 1.799,10"
 Samsung, Galaxy A53,Android,5G,128,6,64,12,369,"R$ 2.155,55"
 Blue,  B9,Android,4G,128,8,13,12,510,"R$ 759,00"
 Samsung, Galaxy S23 Ultra,Android,5G,256,12,12,12,460,"R$ 6.999,00"
 Samsung, Galaxy M13,Android,4G,128,8,50,12,192,"R$ 1.169,10"
Asus, ZenFone 8,Android,4G,256,8,12,12,450,"R$ 3.149,10"
 Samsung, Galaxy A13,Android,4G,128,4,32,12,400,"R$ 1.149,00"
 Samsung, Galaxy A13,Android,5G,128,8,50,6,380,"R$ 1.299,00"
 Apple, iPhone 13,IOS,5G,128,,12,12,220,"R$ 4.899,00"
 Motorola, MOTO E6S,Android,4G,64,6,13,3,326,"R$ 764,99"
 Apple, iPhone 12,IOS,5G,64,8,50,12,572,"R$ 3.959,10"
Apple, iPhone 14 Pro Max,IOS,4G,256,12,64,12,454,"R$ 9.999,72"
 Samsung, Galaxy S23+ ,Android,5G,256,8,50,12,370,"R$ 5.898,00"
 Samsung, Galaxy S23 Ultra ,Android,5G,512,12,12,12,400,"R$ 7.598,10"
 Motorola, MOTO G53 ,Android,5G,64,4,32,12,430,"R$ 1.399,00"
 Motorola, MOTO G53 ,Android,5G,64,4,32,12,470,"R$ 1.399,00"
 Asus, ZenFone 8,Android,5G,128,6,50,12,389,"R$ 2.519,10"
 Samsung,,Android,5G,128,,12,,413,"R$ 2.339,19"
 Samsung Celular, Galaxy A23,Android,5G,128,8,50,12,380,"R$ 1.199,00"
 Multilaser, P9130,Android,4G,32,2,12,3,330,"R$ 375,21"
 Samsung, Galaxy S23 Ultra ,Android,5G,256,12,12,12,410,"R$ 6.999,00"
 Apple, iPhone 12,IOS,5G,128,8,50,,220,"R$ 4.409,10"
 Motorola, MOTO G22,Android,4G,64,4,32,12,412,"R$ 989,90"
 Apple, iPhone 13,IOS,5G,256,,12,12,96,"R$ 5.309,10"
 Samsung, Galaxy A33,Android,5G,128,8,48,,400,"R$ 1.899,05"
 Samsung, Galaxy A03s,Android,4G,64,4,13,12,316,"R$ 1.128,99"
 Samsung, Galaxy S23+ ,Android,5G,512,12,50,12,378,"R$ 5.999,00"
 Samsung, Galaxy S23 Ultra ,Android,5G,512,12,12,12,260,"R$ 7.598,10"
 Positivo, Twist 3 S513,Android,4G,64,4,,12,400,"R$ 398,05"
 Samsung, Galaxy S10,Android,5G,512,12,12,12,400,"R$ 5.847,99"
 Apple, iPhone 14 Pro Max,IOS,5G,512,16,64,12,500,"R$ 8.416,50"
 Apple, iPhone 13,IOS,5G,256,,12,12,96,"R$ 5.309,10"
 Apple, iPhone 11,IOS,4G,128,4,48,12,302,"R$ 2.499,00"
 Infinix, Note 10 Pro,Android,4G,128,6,50,12,400,"R$ 1.439,10"
 Positivo, S509N,Android,4G,64,4,14,3,300,"R$ 312,73"
Apple, iPhone 14 Pro Max,IOS,5G,512,12,50,12,240,"R$ 13.369,31"
Samsung, Galaxy A23,Android,4G,128,4,46,12,323,"R$ 1.290,90"
 Motorola, MOTO G31,Android,4G,128,,50,12,410,"R$ 1.169,10"
 Samsung, Galaxy A12,Android,4G,64,4,48,3,190,"R$ 1.079,10"
 Apple, iPhone 14 Pro Max,IOS,5G,256,12,64,12,436,"R$ 8.999,10"
 Apple, iPhone SE ,IOS,4G,128,6,50,12,390,"R$ 2.799,00"
 Apple, iPhone 13,IOS,5G,512,,12,12,330,"R$ 6.209,10"
 Motorola, MOTO Edge 20,Android,5G,256,6,,12,444,"R$ 2.339,99"
 Nokia, C20,Android,4G,16,2,,12,233,"R$ 539,10"
 Samsung, Galaxy A13,Android,4G,256,4,50,12,375,"R$ 1.091,55"
 Samsung, Galaxy S22,Android,5G,128,8,50,12,413,"R$ 3.199,00"
 ASUS, ZenFone Shot Plus,Android,4G,64,4,12,3,384,"R$ 899,99"
 Samsung, Galaxy A23,Android,5G,128,8,50,,380,"R$ 1.399,00"
 Apple, iPhone 12,IOS,5G,128,8,12,,332,"R$ 4.049,10"
 Apple, iPhone 13,IOS,5G,256,8,12,12,330,"R$ 5.309,10"
 Motorola, MOTO E22,Android,4G,64,4,32,12,455,"R$ 848,90"
 Infinix, Note 12 Pro,Android,4G,128,4,,12,450,"R$ 1.889,10"
 Infinix, hot 20i,Android,4G,32,4,13,12,450,"R$ 938,90"
Apple, iPhone 14 Pro,IOS,4G,128,,,,467,"R$ 8.260,92"
,Modelo,Android,5G,256,8,12,12,413,"R$ 10.639,00"
 Samsung, Galaxy S22,Android,5G,128,8,50,12,413,"R$ 3.199,00"
 Samsung, Galaxy A03,Android,5G,128,4,,12,380,"R$ 1.419,90"
Motorola,-,Android,4G,,,16,,442,"R$ 989,90"
 Apple, iPhone 13,IOS,5G,512,8,64,12,96,"R$ 6.209,10"
 Motorola, Moto G60,Android,4G,256,8,50,12,250,"R$ 2.141,00"
 Apple, IPhone 13 Pro Max,IOS,5G,512,12,64,12,420,"R$ 10.607,00"
 Multilaser, P9126,Android,3G,8,2,,3,260,"R$ 399,90"
 Positivo, Twist 4g S509,Android,4G,32,,,6,,"R$ 404,99"
 Motorola, MOTO E6i,Android,4G,128,8,13,,339,"R$ 899,10"
LG, K52,Android,4G,64,4,,12,372,"R$ 989,99"
 Samsung, Galaxy A52 ,Android,5G,256,6,,12,395,"R$ 1.861,05"
 Motorola, MOTO G9,Android,4G,256,6,48,12,499,"R$ 1.998,76"
Fly, Fly F9,Android,4G,8,,8,3,331,"R$ 82,65"
 Samsung, Galaxy A13,Android,4G,128,8,48,3,380,"R$ 1.799,99"
 Motorola, MOTO Edge 30 Pro,Android,5G,256,12,50,12,520,"R$ 4.949,10"
 Infinix, Hot 11,Android,4G,128,4,,12,466,"R$ 899,10"
 Apple, iPhone 12 ,IOS,5G,128,,12,12,350,"R$ 5.201,00"
 Samsung, Galaxy Z Fold4,Android,5G,256,12,50,,443,"R$ 8.299,00"
Apple, iPhone 14,IOS,5G,512,12,64,12,650,"R$ 5.509,99"
 motorola, MOTO Edge 30 NEO,Android,4G,512,12,50,12,500,"R$ 3.285,50"
 motorola, MOTO Edge 30 NEO,Android,4G,256,6,48,12,100,"R$ 2.531,00"
Xiaomi, Poco M4,Android,5G,128,8,48,12,180,"R$ 1.999,99"
 Motorola, MOTO G22,Android,4G,64,4,32,12,377,"R$ 989,90"
 Motorola, MOTO G200,Android,5G,256,8,50,12,378,"R$ 3.149,99"
 Samsung, Galaxy A53,Android,5G,128,8,64,12,369,"R$ 3.069,40"
 Samsung,,Android,5G,128,,12,,413,"R$ 2.339,19"
 Samsung, Galaxy A33,Android,4G,128,6,48,12,455,"R$ 2.199,00"
 Apple, iPhone 12,IOS,5G,256,8,12,12,351,"R$ 4.679,10"
 Apple, iPhone 13,IOS,5G,256,6,12,12,465,"R$ 7.241,00"
 Nokia, 5.4,Android,4G,512,6,48,12,370,"R$ 1.126,79"
 Motorola, MOTO G52,Android,4G,128,8,,12,420,"R$ 1.377,50"
 Apple, iPhone 13 Pro,IOS,5G,128,12,64,12,334,"R$ 8.057,00"
 Apple, iPhone 13,IOS,5G,256,,12,12,330,"R$ 5.309,10"
 Nokia, Nokia 5.3,Android,4G,512,6,13,12,800,"R$ 1.169,99"
 Xiaomi, Redmi Note 11,Android,4G,256,8,50,3,179,"R$ 2.599,99"
 Infinix, Hot 11S,Android,4G,128,4,,12,444,"R$ 1.349,10"
 Multilaser, P9155,Android,4G,16,4,,3,390,"R$ 521,55"
 Motorola, MOTO G52,Android,4G,64,4,32,5,420,"R$ 1.138,10"
 Samsung, Galaxy A03s,Android,4G,64,,32,3,316,"R$ 1.184,50"
 Philco, PCS02SG,Android,4G,64,4,,6,440,"R$ 765,89"
 Motorola, MOTO Edge 20,Android,5G,128,8,16,12,321,"R$ 2.339,99"
 Samsung, Galaxy A03,Android,4G,128,4,48,12,376,"R$ 1.199,90"
 Positivo, Twist 4 Pro,Android,4G,32,4,,12,600,"R$ 449,00"
 Motorola, MOTO Edge 20 Pro,Android,5G,256,8,46,12,313,"R$ 2.969,10"
 Motorola, Moto G41,Android,4G,128,8,,,450,"R$ 1.376,55"
 LG, Velvet,Android,4G,256,8,,12,343,"R$ 2.159,99"
 Samsung, A22,Android,5G,,,48,,366,"R$ 1.499,00"
 Samsung, -,Android,4G,128,,13,,390,"R$ 1.518,10"
 Samsung, Galaxy A23,Android,4G,128,6,48,12,390,"R$ 1.519,05"
 Samsung, Galaxy A23,Android,4G,128,6,50,12,375,"R$ 1.415,60"
 Samsung, Galaxy A04e,Android,4G,32,,13,12,221,"R$ 815,00"
 Apple, iPhone 12 ,IOS,5G,256,8,50,12,320,"R$ 4.679,10"
 ASUS, ROG Phone 6,Android,5G,512,12,50,12,646,"R$ 5.299,00"
 Samsung, Galaxy S23,Android,5G,512,12,50,12,340,"R$ 5.999,00"
 Motorola, MOTO E6i,Android,4G,32,2,32,12,339,"R$ 899,99"
 LG, LG K41s,Android,3G,32,3,32,12,189,"R$ 899,99"
 LG, K51S,Android,4G,64,,13,12,745,"R$ 944,99"
 Multilaser , P9128,Android,3G,32,2,,12,320,"R$ 451,21"
 Motorola, MOTO E7,Android,4G,64,4,48,12,138,"R$ 939,59"
 Motorola, MOTO E7,Android,4G,512,12,48,12,138,"R$ 982,79"
 Samsung, Galaxy A02s,Android,4G,32,4,13,12,394,"R$ 867,59"
 Samsung, Galaxy A02s,Android,4G,64,6,13,12,394,"R$ 1.406,69"
 LG, K52,Android,4G,64,4,48,3,376,"R$ 1.079,99"
 Asus, ZenFone Shot Plus,Android,4G,64,,12,12,384,"R$ 989,99"
 Samsung, Galaxy A02,Android,5G,512,12,13,,400,"R$ 897,29"
 Nokia, NK007,Android,4G,128,8,,12,800,"R$ 1.079,99"
 Motorola,,Android,4G,512,12,,12,400,"R$ 1.055,06"
 Motorola, Moto G8 Play,Android,4G,32,2,13,,357,"R$ 740,69"
 Multilaser, E,Android,3G,8,2,,12,364,"R$ 385,23"
 Asus, ZenFone Max Shot,Android,4G,64,4,12,12,165,"R$ 1.131,97"
 Samsung, Galaxy S22 Ultra,Android,5G,512,12,10,,387,"R$ 9.449,10"
 Samsung, Galaxy S22,Android,5G,128,8,50,12,413,"R$ 3.199,00"
 LG, K61,Android,4G,128,6,48,12,377,"R$ 1.259,99"
 LG, LG K22,Android,4G,32,,13,12,490,"R$ 972,89"
 Motorola, MOTO G8 Power ,Android,4G,512,12,16,3,385,"R$ 1.016,09"
 Apple, iPhone 12,IOS,5G,512,8,50,6,365,"R$ 4.762,40"
 LG, K52,Android,4G,64,4,13,12,378,"R$ 989,99"
 Samsung, Galaxy A02S,Android,4G,512,12,13,12,394,"R$ 809,99"
 Samsung, Galaxy A02S,Android,4G,512,12,13,12,300,"R$ 847,79"
 Realme, C3 RMX2020,Android,4G,64,4,12,,400,"R$ 1.019,70"
 Samsung, Galaxy A52,Android,4G,128,,12,12,395,"R$ 2.314,40"
 Multilaser, F Pro / P9118,Android,4G,128,8,,12,340,"R$ 538,90"
 LG, K62,Android,4G,128,8,48,12,490,"R$ 1.349,99"
 Motorola, MOTO E6S,Android,4G,64,4,,12,326,"R$ 809,99"
 Motorola, MOTO G200,Android,5G,256,8,48,12,490,"R$ 3.149,99"
 Motorola, One Fusion,Android,4G,256,8,48,12,490,"R$ 1.691,99"
Apple, iPhone 12,IOS,5G,256,6,48,12,650,"R$ 4.274,99"
 Motorola, MOTO Edge ,Android,5G,128,8,64,12,517,"R$ 2.662,19"
 Asus, ZenFone 9,Android,4G,128,,,12,169,"R$ 3.799,00"
 Apple, IPhone 13,IOS,5G,512,,12,,412,"R$ 8.873,00"
 Samsung,,Android,5G,128,,12,,337,"R$ 3.193,00"
Xiaomi, Poco M4,Android,5G,128,4,48,12,180,"R$ 1.999,99"
 Nokia, Nk016,Android,4G,64,4,32,12,368,"R$ 899,99"
 Asus, ZenFone Max Pro M2,Android,4G,64,4,,12,380,"R$ 1.852,97"
 Samsung, Galaxy S20 Fe,Android,5G,256,6,12,12,400,"R$ 2.294,10"
Xiaomi, Redmi 10c,Android,5G,512,4,50,12,500,"R$ 1.937,95"
 Samsung, Galaxy S22,Android,5G,128,8,50,12,327,"R$ 3.569,00"
 Samsung, Galaxy A03,Android,4G,64,4,48,12,376,"R$ 990,00"
 Apple, iPhone 11,IOS,4G,128,6,50,12,650,"R$ 3.799,99"
 Multilaser, Modelo F Max 2,Android,4G,32,4,16,12,375,"R$ 538,90"
 Realme, C21Y,Android,4G,32,4,,12,550,"R$ 1.029,99"
 Motorola, MOTO G60,Android,4G,512,12,50,12,450,"R$ 3.470,47"
 Samsung, Galaxy A52s,Android,5G,128,6,48,12,369,"R$ 2.575,00"
 Samsung, Galaxy Z Flip 4,Android,5G,256,8,64,12,367,"R$ 4.949,00"
 Motorola, MOTO E32,Android,4G,32,4,,12,360,"R$ 987,05"
 Asus, Rog Phone 5s,Android,5G,256,12,64,12,456,"R$ 4.185,94"
 Samsung, Galaxy Z Flip 4,Android,5G,256,8,50,6,367,"R$ 4.799,00"
 Motorola, Nano SIM (4FF),Android,4G,128,8,,12,420,"R$ 1.234,20"
 TCL, C5,Android,4G,128,8,13,12,302,"R$ 664,11"
 Apple, iPhone 13  ,IOS,5G,512,8,64,12,330,"R$ 6.209,10"
 Apple, iPhone 13 Pro,IOS,5G,256,12,64,12,300,"R$ 8.567,00"
 Apple, iPhone 13 Pro,IOS,5G,512,12,64,12,323,"R$ 10.505,00"
 Motorola, Moto Edge 30 Pro,Android,5G,256,12,50,12,520,"R$ 4.949,10"
 Samsung, Galaxy S22,Android,5G,128,8,50,12,337,"R$ 3.569,00"
 TECTOY, acx,Android,4G,128,4,32,6,490,"R$ 809,10"
 Samsung, Galaxy S21 Fe,Android,5G,128,8,12,12,413,"R$ 2.339,19"
 Samsung, Galaxy S21 Fe,Android,5G,128,8,12,12,413,"R$ 2.339,19"
 Motorola, Moto G82,Android,5G,256,8,48,3,335,"R$ 2.249,10"
 Motorola, Moto G82,Android,5G,256,8,48,3,420,"R$ 2.249,10"
 Samsung, Galaxy S22,Android,5G,128,8,50,12,327,"R$ 3.569,00"
 Samsung, Galaxy A03 Core,Android,4G,32,4,32,6,382,"R$ 799,00"
 Samsung, Galaxy S22,Android,5G,128,8,50,12,413,"R$ 3.941,55"
 Samsung, Galaxy A53,Android,5G,128,8,64,12,413,"R$ 2.623,95"
 Samsung, Galaxy S22 Plus,Android,5G,128,8,50,12,413,"R$ 4.949,10"
 Samsung, Galaxy S22 Ultra,Android,5G,256,12,12,12,413,"R$ 5.199,00"
 Samsung, Galaxy A03,Android,4G,64,4,48,8,380,"R$ 959,00"
 Multilaser, P9127,Android,4G,16,2,,3,260,"R$ 452,43"
 Apple, iPhone 14,IOS,5G,512,12,64,12,400,"R$ 6.759,00"
 Motorola, MOTO G71,Android,5G,256,6,48,12,400,"R$ 2.050,92"
 Samsung, Galaxy S21 Fe,Android,4G,256,6,50,12,413,"R$ 2.998,00"
 Samsung, Galaxy S21 Fe,Android,4G,256,8,50,12,413,"R$ 2.998,00"
  Apple, iPhone 12 ,IOS,5G,64,,,12,322,"R$ 3.749,00"
 Apple, iPhone 11 ,IOS,4G,128,,48,12,323,"R$ 3.419,10"
 Apple, iPhone 12,IOS,5G,256,12,64,12,323,"R$ 4.679,10"
Apple, iPhone SE ,Android,4G,256,4,32,12,354,"R$ 4.199,00"
 Motorola, One Fusion,Android,4G,512,12,48,12,210,"R$ 1.079,99"
 Samsung, Galaxy S20 Fe,Android,5G,128,,12,12,400,"R$ 2.294,10"
Samsung, Galaxy A13,Android,4G,128,8,50,,380,"R$ 1.509,00"
 Apple, iPhone 13 Mini,IOS,5G,512,12,64,12,323,"R$ 8.873,00"
 Apple, iPhone 13,IOS,5G,512,8,64,12,365,"R$ 7.241,00"
 motorola, MOTO Edge 30 Fusion,Android,4G,256,6,32,12,500,"R$ 3.285,50"
Apple,-,IOS,4G,256,8,50,12,542,"R$ 6.150,00"
Apple, A16 Bionic,IOS,4G,512,12,64,12,600,"R$ 8.999,10"
 Samsung, Galaxy M53,Android,5G,128,8,32,12,349,"R$ 2.142,30"
 Motorola, MOTO G20 ,Android,4G,256,6,48,12,433,"R$ 1.169,10"
 LG, K51s,Android,4G,64,4,32,3,378,"R$ 944,99"
 Xiaomi, Redmi Note 11 Pro,Android,4G,128,8,16,6,500,"R$ 3.599,99"
 Motorola, MOTO Edge 30 Ultra,Android,4G,256,8,60,,326,"R$ 5.399,10"
 Samsung, Galaxy A02s,Android,5G,512,12,13,,380,"R$ 968,99"
 Apple, iPhone 14 Pro Max,IOS,5G,1000,16,64,12,436,"R$ 13.499,00"
 MULTILASER, S431B,Android,4G,32,4,,6,110,"R$ 899,99"
 Apple, iPhone 12 ,IOS,5G,256,6,48,12,335,"R$ 4.859,10"
 Samsung, Galaxy A03 Core,Android,4G,64,4,32,8,380,"R$ 822,97"
 Apple, iPhone 12,IOS,4G,128,6,,12,416,"R$ 3.949,00"
 Samsung, Galaxy A32,Android,4G,128,8,64,12,450,"R$ 1.651,55"
 Samsung, Galaxy A32,Android,4G,128,8,64,12,360,"R$ 3.289,99"
 Samsung, Galaxy S22 Ultra,Android,5G,512,12,10,12,387,"R$ 8.299,00"
 LG, K62+,Android,4G,128,8,48,3,376,"R$ 1.349,99"
Apple, iPhone 14,IOS,4G,256,12,64,12,412,"R$ 6.999,00"
 Samsung, Galaxy S22 Ultra,Android,5G,512,12,64,12,387,"R$ 8.299,00"
 Samsung, Galaxy A22,Android,5G,,,48,12,366,"R$ 1.602,00"
 Nokia, Nk041,Android,3G,8,4,,6,600,"R$ 449,10"
 Samsung, Galaxy Z Flip 4,Android,5G,128,8,48,12,367,"R$ 4.599,00"
Apple, iPhone 14,IOS,4G,256,8,,12,432,"R$ 6.999,00"
 Positivo, Twist 4g S509,Android,4G,32,4,,3,,"R$ 404,99"
 Apple, iPhone 12,IOS,5G,128,6,50,12,650,"R$ 4.274,99"
 Philco, Hit P12,Android,4G,64,8,,3,400,"R$ 989,10"
 Samsung, S20 Fe,Android,5G,256,8,12,12,400,"R$ 2.266,92"
 Samsung, Galaxy A23,Android,4G,256,4,48,12,413,"R$ 1.519,05"
 Apple, IPhone 12,IOS,5G,256,6,50,12,351,"R$ 4.799,00"
 Motorola, Moto G8 Power Lite,Android,4G,64,4,32,12,368,"R$ 1.304,99"
 samsung, Galaxy S20 ,Android,4G,256,6,12,3,400,"R$ 3.235,26"
 Samsung, Galaxy A12,Android,4G,64,4,48,12,300,"R$ 1.110,59"
 Samsung, Galaxy A22,Android,4G,64,4,32,12,400,"R$ 1.492,47"
 Positivo, Twist 4 Pro,Android,4G,16,6,,12,300,"R$ 449,99"
 Apple, iPhone 13,IOS,4G,256,6,64,12,650,"R$ 6.269,99"
 Multilaser, E Lite,Android,4G,32,4,32,3,600,"R$ 385,90"
 Samsung, Galaxy S20 Fe,Android,5G,128,8,12,3,400,"R$ 2.183,10"
 Samsung, Galaxy S23+ ,Android,5G,512,12,50,12,340,"R$ 5.999,00"
 TCL, T766H-2ALCBR12,Android,4G,128,8,48,,500,"R$ 949,05"
 Motorola, MOTO G41,Android,4G,128,8,48,,450,"R$ 1.284,20"
 Galaxy S22 Plus, Galaxy S22+,Android,5G,128,8,50,12,413,"R$ 7.839,00"
 Motorola, MOTO G20,Android,4G,256,6,,12,450,"R$ 1.169,10"
 Multilaser, G Max / P9107,Android,4G,64,4,16,12,340,"R$ 806,53"
 Samsung, Galaxy A03s,Android,4G,128,4,32,12,394,"R$ 1.069,00"
XIAOMI, Poco M4 Pro,Android,5G,128,6,,12,180,"R$ 2.899,99"
 Philco, P10,Android,4G,64,2,,12,400,"R$ 854,99"
 Samsung, Galaxy A03,Android,4G,32,2,,,380,"R$ 729,60"
 Samsung, -,Android,5G,256,12,10,12,413,"R$ 5.199,00"
Asus, Zenfone Live L1 ,Android,4G,32,2,,12,360,"R$ 989,10"
 Motorola, Moto E32,Android,4G,64,4,32,12,360,"R$ 1.024,92"
 Nokia,,Android,4G,16,3,,6,600,"R$ 539,10"
 Apple, IPhone 12,IOS,5G,64,,12,12,351,"R$ 3.779,10"
 Xiaomi, Redmi Note 10s,Android,4G,128,8,64,12,190,"R$ 2.999,99"
 Xiaomi, Redmi Note 11s,Android,5G,128,8,64,12,460,"R$ 2.549,99"
 Nokia, Nokia 2.4,Android,4G,512,12,13,6,364,"R$ 899,99"
Xiaomi, Poco M4,Android,5G,128,6,48,12,200,"R$ 1.999,99"
 Samsung, Galaxy A03 Core ,Android,4G,64,4,32,3,451,"R$ 713,00"
 Samsung, Galaxy S22+,Android,5G,256,8,50,12,327,"R$ 6.749,10"
 Asus, ZenFone 8,Android,5G,256,8,64,12,450,"R$ 3.059,10"
 TCL,-E317A317,Android,4G,32,4,32,6,332,"R$ 629,99"
 LG, K61,Android,4G,128,8,48,12,490,"R$ 1.259,10"
 Apple, iPhone 14 Pro Max,IOS,4G,256,12,64,6,800,"R$ 8.653,31"
 Nokia, NK010,Android,4G,16,4,16,6,304,"R$ 596,69"
 Motorola, MOTO G10,Android,4G,64,4,32,3,376,"R$ 1.450,00"
 Motorola, Modelo Sim Card ,Android,4G,128,6,48,12,387,"R$ 2.116,25"
 Motorola, MOTO E7 Power,Android,5G,16,4,,12,200,"R$ 910,79"
 Asus, Modelo,Android,4G,256,8,48,12,315,"R$ 2.743,00"
 Philco, Hit P10,Android,4G,32,4,13,12,400,"R$ 854,99"
 Motorola., MOTO G22,Android,4G,128,8,50,3,650,"R$ 1.943,88"
 LG, K62 ,Android,4G,64,4,,3,376,"R$ 1.079,99"
 Multi, P9158,Android,4G,,,13,3,390,"R$ 798,12"
 Apple, iPhone 12,IOS,5G,128,8,64,12,362,"R$ 4.599,00"
 POSITIVO, Twist,Android,4G,32,4,32,12,451,"R$ 539,99"
 Samsung, Galaxy S20 Fe,Android,5G,128,8,12,3,400,"R$ 2.266,92"
 Xiaomi, Redmi 9A,Android,4G,256,12,13,,194,"R$ 899,99"
 Samsung, Galaxy A02,Android,5G,512,12,13,8,380,"R$ 906,99"
 Samsung, Galaxy A32,Android,5G,128,8,64,12,184,"R$ 2.288,63"
 MOTOROLA, Modelo,Android,4G,64,4,48,6,198,"R$ 899,10"
 Samsung, Galaxy Z Fold4,Android,5G,512,12,50,12,443,"R$ 9.199,00"
  Samsung, Galaxy A22,Android,5G,128,4,48,12,366,"R$ 1.492,47"
 Motorola, MOTO G8 Plus,Android,4G,64,4,28,12,385,"R$ 1.605,00"
 Samsung, Galaxy A10,Android,4G,64,4,32,8,168,"R$ 999,00"
 Motorola, Moto One Hyper,Android,4G,256,8,48,12,500,"R$ 2.024,10"
 Multilaser, P9131,Android,3G,16,2,28,3,400,"R$ 599,42"
 Multilaser, F Pro,Android,4G,8,3,,3,450,"R$ 448,90"
 Motorola, MOTO G71,Android,5G,256,6,48,12,400,"R$ 1.979,99"
 Apple, iPhone 13,IOS,5G,512,8,50,12,330,"R$ 6.209,10"
 Multilaser, P9153,Android,4G,32,4,28,3,110,"R$ 699,99"
 Nokia, 5.4,Android,4G,128,4,48,12,480,"R$ 1.202,94"
 Red Mobile, Volt L S51,Android,3G,16,2,8,3,350,"R$ 699,90"
 Apple, IPhone 13 Pro Max,IOS,5G,512,,12,12,280,"R$ 6.299,10"
 Xiaomi, Redmi 10C,Android,4G,256,4,50,3,460,"R$ 1.602,00"
 NOKIA,Nk026,Android,4G,128,4,48,6,180,"R$ 1.169,09"
 Nokia, 5.4,Android,4G,128,4,,3,375,"R$ 1.150,19"
 TCL, L10 Pro,Android,4G,128,4,13,12,481,"R$ 1.161,80"
 Samsung , Galaxy A33,Android,5G,128,8,48,12,400,"R$ 2.189,38"
Xiaomi, Poco C40,Android,4G,128,4,48,12,204,"R$ 1.399,99"
 Samsung, Galaxy A04e,Android,4G,16,4,13,6,360,"R$ 853,10"
 Motorola, MOTO G52,Android,4G,128,4,48,12,510,"R$ 1.166,60"
 Motorola, MOTO G52,Android,4G,128,4,48,12,510,"R$ 1.166,60"
 Apple, iPhone 12,IOS,5G,128,8,50,12,650,"R$ 4.274,99"
XIAOMI, Poco M4 Pro,Android,5G,256,6,50,12,195,"R$ 2.899,99"
 Apple, iPhone 13,IOS,5G,512,8,64,12,650,"R$ 5.794,99"
 Samsung, Galaxy S21 Fe,Android,4G,256,6,48,12,413,"R$ 2.429,10"
 Samsung, Galaxy A04e,Android,4G,16,4,13,12,458,"R$ 815,00"
 Apple, IPhone 13 StarLight,IOS,5G,512,8,64,12,330,"R$ 6.209,10"
 Apple, IPhone 13 StarLight,IOS,5G,512,8,64,12,330,"R$ 6.209,10"
 Apple, IPhone 13 StarLight,IOS,5G,512,8,64,12,330,"R$ 6.209,10"
 Samsung, Galaxy A04e,Android,4G,16,4,13,6,360,"R$ 853,10"
 XIAOMI, Redmi 10,Android,5G,128,6,50,3,500,"R$ 1.999,99"
 Apple, -,IOS,4G,512,12,64,12,300,"R$ 6.425,00"
 XIAOMI, Redmi 10,Android,5G,128,6,50,3,500,"R$ 1.999,99"
Xiaomi, Poco C40,Android,4G,64,4,48,6,204,"R$ 1.399,99"
 Apple , iPhone Se ,IOS,5G,64,8,12,12,248,"R$ 3.361,49"
 Motorola, MOTO G71,Android,5G,128,8,50,12,505,"R$ 1.694,80"
 Apple, iPhone 12 mini ,IOS,5G,256,8,50,12,280,"R$ 4.769,10"
 TCL , L10 Plus,Android,4G,128,8,13,12,355,"R$ 929,69"
 Apple, iPhone 12 Pro,IOS,5G,512,8,64,12,320,"R$ 7.199,10"
 Apple, iPhone 12,IOS,5G,256,8,50,12,321,"R$ 4.679,10"
 Xiaomi, Redmi 10C,Android,4G,512,4,48,12,460,"R$ 1.749,00"
 Motorola, MOTO Edge 30 Ultra,Android,4G,256,8,60,12,100,"R$ 5.609,00"
 Apple, iPhone 13,IOS,5G,512,12,64,12,330,"R$ 6.209,10"
 Blue, B9,Android,4G,128,8,13,12,600,"R$ 954,75"
 Husky Sports, HSPH001,Android,4G,8,2,8,12,190,"R$ 333,55"
 Motorola, MOTO G52,Android,4G,64,4,32,12,560,"R$ 1.097,25"
 Motorola, MOTO G52,Android,4G,64,4,32,12,540,"R$ 1.097,25"
Apple,-,IOS,4G,512,8,64,12,351,"R$ 8.260,92"
 Motorola, MOTO G52,Android,4G,128,4,32,12,540,"R$ 1.166,60"
 Multilaser, G Pro,Android,4G,128,4,32,12,200,"R$ 1.168,90"
 Samsung, Galaxy A21s,Android,4G,128,4,48,12,191,"R$ 1.944,99"
 Multilaser, MS40G / P9070,Android,3G,8,2,,3,200,"R$ 299,90"
Motorola, MOTO E6 play,Android,4G,256,4,32,,304,"R$ 1.020,59"
 Motorola, MOTO E6S,Android,4G,64,4,32,12,326,"R$ 854,99"
 Motorola,,Android,4G,32,,13,12,304,"R$ 907,36"
 Motorola, MOTO Edge,Android,5G,128,8,64,12,517,"R$ 2.519,10"
 Samsung, Galaxy A01,Android,4G,512,12,13,12,148,"R$ 1.001,99"
 LG, K8 Plus,Android,5G,64,4,,6,333,"R$ 1.442,00"
 Philco, PCS02RG,Android,4G,128,8,,3,440,"R$ 764,99"
 Multilaser, E Lite / P9100,Android,3G,16,3,,12,200,"R$ 410,97"
 Motorola, MOTO G9,Android,4G,64,4,48,12,387,"R$ 1.306,79"
 Samsung, Galaxy S20 Fe,Android,4G,128,8,32,12,400,"R$ 3.397,97"
 Positivo, Twist 3 S513,Android,4G,32,4,32,12,510,"R$ 674,73"
 Samsung, Galaxy A12,Android,4G,64,4,48,12,400,"R$ 2.099,99"
 LG, K40S,Android,3G,128,4,48,12,383,"R$ 1.545,00"
 Samsung, Galaxy S21,Android,4G,512,8,64,12,387,"R$ 8.660,00"
 Samsung, Galaxy S21 Ultra,Android,4G,256,8,64,12,387,"R$ 7.210,00"
 Samsung, Galaxy A12,Android,4G,64,4,48,12,230,"R$ 1.337,97"
 Samsung, Galaxy Note 20,Android,4G,256,12,64,12,323,"R$ 9.329,99"
Xiaomi,,Android,4G,128,6,48,8,341,"R$ 1.699,99"
 Multilaser, G Pro 2 / P9125,Android,4G,128,4,48,12,380,"R$ 1.543,69"
 Samsung, Galaxy S21,Android,5G,256,8,,12,300,"R$ 4.942,97"
 Samsung, Galaxy S20 Fe,Android,5G,128,8,12,12,300,"R$ 2.204,10"
 LG, Velvet,Android,4G,128,,16,3,210,"R$ 2.159,99"
 Samsung, Galaxy S10,Android,5G,512,12,12,,350,"R$ 5.828,99"
 Motorola, MOTO G,Android,5G,128,8,48,,300,"R$ 2.166,29"
 Multilaser, Multilaser G,Android,4G,32,2,16,12,375,"R$ 685,80"
 Asus, ZenFone Max Shot,Android,4G,64,4,12,12,1000,"R$ 1.215,40"
 Multilaser, G Max / P9108,Android,4G,32,2,16,12,340,"R$ 577,99"
 Apple, iPhone 12,IOS,5G,64,,50,12,1000,"R$ 4.379,36"
 Multilaser, F Pro,Android,4G,32,2,,12,400,"R$ 454,41"
 Samsung, Galaxy S20 Fe,Android,5G,128,8,50,12,400,"R$ 3.597,37"
 Samsung, Galaxy S20 Fe,Android,5G,128,8,50,12,400,"R$ 3.597,37"
 Positivo, Smartphone Q20,Android,4G,256,,13,3,600,"R$ 899,10"
 Samsung, Galaxy A22,Android,4G,128,8,48,12,1000,"R$ 1.499,00"
 Positivo, Q20,Android,4G,256,,13,6,600,"R$ 899,10"
 TCL, L10 Lite ,Android,4G,32,2,13,6,500,"R$ 769,49"
 LG,,Android,4G,,,13,,382,"R$ 1.545,00"
 Samsung, Galaxy S22+,Android,5G,128,8,50,12,327,"R$ 6.299,10"
 Samsung, Galaxy S22+,Android,5G,128,8,50,12,327,"R$ 6.299,10"
 Samsung, Galaxy S22+,Android,5G,256,8,50,12,327,"R$ 6.749,10"
 Apple, iPhone 13,IOS,5G,256,6,12,12,1000,"R$ 7.547,00"
 Samsung, Galaxy S22+,Android,5G,128,8,50,12,413,"R$ 4.949,10"
 Realme, C55,Android,4G,32,2,8,3,190,"R$ 1.299,90"
 Positivo, Twist 3 Pro,Android,4G,64,,,12,500,"R$ 493,37"
Samsung, Galaxy S20 Fe,Android,5G,,,12,12,400,"R$ 2.294,10"
